playlist_id,creator_user_id,playlist_title,is_public,created_date,num_tracks
393,699,Weaver Ltd,True,2022-07-27,43
293,877,"Neal, Frye and Lopez",True,2023-05-10,33
53,369,Serrano-Bowen,True,2022-04-29,19
932,17,Wilson Group,False,2022-08-21,47
560,568,"Pace, Williams and Smith",False,2021-08-04,12
608,904,"Williams, Terry and Wolfe",True,2023-12-19,25
851,592,Garcia PLC,True,2022-02-14,43
508,371,Sanders Group,True,2022-03-17,23
290,587,"Mack, Brown and Ferguson",False,2022-06-02,27
779,171,Nelson-Ryan,False,2022-09-23,15
530,860,"Rodriguez, Smith and Estrada",False,2023-04-22,15
238,873,Ross-Wood,False,2023-09-24,28
845,470,Miller Inc,True,2023-09-14,40
813,160,"Richards, Ramirez and Jackson",False,2022-09-11,44
247,394,Doyle-Brown,False,2022-12-05,28
650,484,Davis Inc,True,2021-07-24,7
921,268,Bennett-Mendez,True,2023-02-01,26
800,820,"Gonzalez, Watson and Finley",True,2024-07-04,6
198,303,Perry-Lynch,True,2022-11-04,28
856,805,"Smith, Wagner and Roberts",True,2024-10-01,48
56,363,Shaw-Schneider,False,2021-08-16,34
617,951,"Foster, Jenkins and Wells",False,2023-12-12,42
511,679,Jackson-Young,True,2023-10-31,6
36,844,Aguilar-Clark,False,2023-09-23,25
726,982,Harrison Ltd,False,2023-08-26,37
298,831,Lloyd-Ayala,True,2021-02-02,16
853,435,"Ferrell, Smith and Daniel",True,2023-12-20,26
878,296,Torres Group,False,2022-12-31,48
591,800,"Daniel, Rivera and Lewis",False,2023-02-05,29
627,33,Edwards Group,False,2021-03-16,31
52,138,"Rogers, Mitchell and Saunders",True,2021-10-03,46
890,141,Williams-Brown,True,2024-08-23,32
682,982,Whitney-Pacheco,True,2022-04-06,20
384,344,"Lawson, Cox and Collier",True,2022-07-30,19
85,430,Jackson PLC,True,2021-10-04,48
505,438,Willis-Edwards,False,2023-07-12,7
901,755,Stark PLC,False,2023-12-18,41
863,432,Miller PLC,True,2024-09-07,11
98,660,Garza Inc,False,2023-04-01,25
762,826,Sutton-Nguyen,True,2022-02-07,13
81,934,"Hansen, Watson and Thornton",False,2021-04-14,43
377,667,"Freeman, Johnson and Hancock",True,2022-01-24,22
447,876,"Schneider, Holt and Miranda",False,2023-06-22,8
22,393,Sellers-Smith,False,2024-11-23,29
137,2,"Green, Barrett and Lopez",False,2021-04-26,18
881,556,Perkins-Marshall,False,2022-07-22,13
630,990,Chang PLC,True,2023-09-02,30
787,568,"Morrison, Wade and Shepard",False,2023-04-19,6
571,707,Andrews-Wood,False,2023-08-10,24
449,557,Garcia-Rose,True,2022-11-08,32
18,493,Jones Group,False,2022-01-25,11
546,901,"Bowman, Green and Ford",False,2022-12-06,48
771,658,Price Inc,False,2022-07-12,12
204,551,Robbins and Sons,True,2023-11-02,39
491,611,Pittman Ltd,False,2021-09-08,18
412,534,"Hill, Johnson and Robinson",False,2022-12-26,21
871,940,"Jones, Lynn and Steele",False,2024-11-01,40
163,618,Evans-Berger,False,2023-02-16,44
105,959,Obrien PLC,True,2021-12-13,8
210,689,"Smith, Mclaughlin and Bailey",False,2024-09-28,6
156,725,Johnson-Miller,True,2021-12-23,10
847,874,Joseph LLC,True,2024-01-02,46
260,574,"Duarte, Guerrero and Roberts",True,2021-06-09,8
362,332,Harper Group,False,2024-05-29,33
257,340,"Robertson, Rivera and Hamilton",False,2021-09-21,22
815,62,Garcia-Johnson,True,2022-07-30,30
664,255,Bartlett-Perry,False,2024-11-10,48
474,147,Wade-Jackson,True,2023-04-26,38
799,709,Thompson-Newman,False,2022-01-21,14
70,845,Wilson-Orr,False,2021-01-01,40
679,386,"Brooks, Ruiz and Mckenzie",False,2021-01-10,18
361,358,Mitchell-Singh,True,2022-02-05,35
379,833,"Taylor, Hicks and Rodriguez",True,2023-02-09,19
158,340,Scott-Roberts,True,2022-12-09,12
97,508,Pena Group,False,2024-09-07,18
694,682,Rice Group,False,2024-01-21,27
850,63,"Stone, Smith and Powers",True,2024-09-12,44
912,840,"Watson, Robinson and Moran",False,2023-01-18,25
243,531,Gomez-Lawson,False,2022-10-15,20
763,458,Dunn Inc,False,2023-04-07,49
111,152,Dalton LLC,False,2022-06-28,22
566,656,Yates-Durham,True,2024-05-06,28
862,446,Hamilton LLC,False,2023-09-21,30
67,611,"Wheeler, Rodriguez and Callahan",False,2022-04-21,29
777,799,Griffith PLC,True,2022-10-14,49
467,607,Wise-Mckee,False,2021-11-26,45
569,347,Sanchez-Wagner,False,2023-04-02,33
539,852,Davis LLC,False,2022-06-08,19
714,333,"Ali, Medina and King",True,2024-07-02,49
599,367,Bean-Myers,False,2023-02-11,5
416,427,Campbell Group,True,2022-08-25,29
435,435,"Vincent, Schultz and Sullivan",True,2023-12-31,11
724,105,Daniels-Vargas,True,2024-04-08,13
706,144,David-Cox,True,2022-12-24,28
567,290,Jacobs LLC,False,2022-06-05,5
722,551,Lawson LLC,False,2023-08-25,48
269,747,Matthews Ltd,True,2024-04-07,12
223,201,"Hughes, Thomas and Freeman",True,2024-11-29,28
925,909,"Johnson, Burnett and Yang",True,2022-10-30,15
954,38,Norris Group,True,2023-09-03,21
549,370,"Mcintyre, Benjamin and Richards",False,2022-01-05,12
736,39,"Scott, Stephenson and Foster",True,2021-01-22,39
37,67,Ferrell-Hernandez,True,2023-01-14,39
969,597,Holloway-Allen,True,2022-06-29,37
309,849,Jackson-Greene,True,2023-06-18,9
506,569,Smith Inc,True,2021-09-03,46
913,941,Vargas-Ramirez,True,2023-09-11,43
854,746,"Martinez, Rios and Thomas",False,2021-10-01,45
827,3,Hunter-Griffin,False,2021-01-09,32
984,358,Thompson Ltd,True,2024-11-17,11
744,176,Peterson-Turner,False,2021-02-09,13
936,800,Lopez Inc,True,2022-05-14,12
19,326,Baker-Parker,False,2022-06-25,16
654,870,Johnson-Smith,True,2022-07-11,38
334,535,"Richardson, Stuart and Gonzalez",False,2023-11-22,37
495,427,Turner-Dickson,True,2023-05-30,27
167,586,"Aguirre, Gutierrez and Weaver",True,2023-01-27,28
676,557,"Calhoun, Mathis and Ritter",True,2024-07-18,41
835,822,Griffith LLC,True,2021-06-07,39
698,737,Smith-Blair,False,2021-12-16,48
325,92,"Benton, Moore and Summers",True,2021-02-23,44
750,162,Elliott PLC,False,2024-11-30,26
82,605,Meadows-Vang,False,2023-12-08,31
880,427,Chapman-Ochoa,True,2021-11-12,39
378,15,Harris-Lowery,False,2022-08-11,5
803,960,Butler-Price,True,2023-09-27,39
29,398,"Morrow, Hayes and Munoz",True,2022-05-27,41
946,410,Daniels Group,True,2024-09-04,18
615,109,"Cervantes, Pearson and Graham",False,2021-10-31,7
976,712,Horton Inc,True,2022-05-26,5
551,312,"Stewart, Lawrence and Miller",False,2024-09-22,9
206,594,Peters-Wright,True,2024-07-15,30
582,996,Johnson-Ochoa,True,2022-03-05,18
572,949,"Evans, Fuller and Quinn",False,2022-12-07,43
576,386,Johnson-Mccarthy,True,2023-09-07,31
406,18,Hamilton LLC,False,2023-07-20,13
176,39,Johnson and Sons,True,2023-08-23,19
326,685,Parrish-Williams,False,2024-09-06,19
369,944,Lopez and Sons,True,2021-09-23,30
363,286,"Shaw, Mayo and Hunter",False,2022-11-22,46
14,291,"Sims, Gomez and Carr",True,2023-12-01,17
943,124,Smith PLC,True,2022-12-20,36
837,405,Norris-Williams,False,2022-04-03,43
255,816,Andrews Group,False,2023-08-31,36
897,166,Phillips Group,True,2023-11-14,8
547,32,Rivera-Scott,False,2023-03-22,34
730,434,"Johnson, Willis and Lewis",False,2022-11-17,41
214,293,Watts-Parsons,False,2021-02-12,27
524,842,"Romero, Rodriguez and Delacruz",True,2024-02-28,43
754,845,Jordan Inc,True,2021-03-15,49
972,369,Taylor-Perez,True,2022-12-31,19
76,220,Jackson-Patterson,True,2024-11-04,47
75,720,Wright LLC,True,2022-02-20,33
264,724,Roy-Clements,True,2024-08-13,40
117,405,"Hamilton, Stephenson and Miranda",True,2021-08-09,17
9,306,Rose Group,True,2021-01-10,36
979,747,"Young, Burns and Simon",True,2023-02-14,11
583,324,Stevens-Shepherd,True,2021-12-16,26
747,922,Ware and Sons,False,2023-09-30,32
686,538,Byrd-Vincent,False,2023-09-10,6
160,476,Williams and Sons,False,2023-09-19,46
150,696,"Morrison, Moore and Hoffman",False,2023-12-27,49
489,338,"Williams, Brennan and Trujillo",False,2023-09-06,10
371,648,Valdez and Sons,True,2024-05-03,32
841,592,Marsh-Griffin,True,2023-03-26,32
306,655,"Frank, Solis and Collins",False,2022-05-28,48
329,440,English-Castro,False,2022-11-13,48
529,674,"Watson, Dean and Hayes",False,2022-10-05,24
192,668,"White, Esparza and Johnson",True,2022-05-01,34
859,998,Jones and Sons,True,2022-08-30,15
10,391,"Carter, Potter and Taylor",True,2022-07-17,32
848,630,"Williams, Ashley and Vasquez",False,2021-06-12,29
623,810,"Dorsey, Allen and Andrews",False,2024-04-27,43
888,756,"Lara, Luna and Payne",False,2024-01-10,37
294,429,"Lopez, Wells and Little",True,2022-05-08,5
864,907,"Obrien, Lewis and White",True,2024-10-18,31
457,351,Obrien LLC,True,2024-06-04,17
283,868,Snyder LLC,False,2021-02-12,45
197,579,Patrick Inc,True,2022-06-26,7
151,103,"Thomas, Miller and Johnston",True,2022-10-30,43
961,475,"Davis, Espinoza and Jacobs",True,2023-07-16,10
965,246,"Bennett, Silva and Smith",False,2024-01-26,12
756,40,Reynolds PLC,True,2024-10-16,31
685,231,Miller-Martin,True,2023-03-17,13
725,84,Cunningham-Cruz,False,2024-08-12,41
929,652,"Harmon, Owens and Hampton",True,2024-04-04,37
858,65,"Costa, Carter and Howard",True,2022-05-09,46
161,940,Gallegos-Garza,True,2024-04-02,48
585,906,Burns-Martinez,True,2021-06-21,28
460,186,Warner Ltd,False,2021-08-20,19
820,93,Taylor PLC,False,2022-11-04,36
479,360,"Lewis, Watkins and Brown",False,2024-10-20,36
933,840,"Mendoza, King and Guzman",False,2022-06-13,28
791,520,Anderson and Sons,True,2021-12-12,45
345,402,Spencer and Sons,True,2021-04-24,16
187,977,"White, Doyle and Rojas",False,2021-10-19,43
4,69,"Roach, Tucker and Nguyen",True,2021-04-05,6
507,414,Gomez Inc,True,2024-04-02,7
389,225,Brown-Ramirez,False,2022-04-25,41
125,569,Powell Group,False,2023-04-26,21
995,428,Martin-Bailey,False,2021-06-02,6
39,656,"Mendez, Thompson and Torres",True,2023-01-09,6
589,866,"Gonzalez, Golden and Patton",False,2023-07-12,32
261,281,Walker-Miller,False,2022-10-19,27
296,801,Campbell-Keller,True,2022-05-08,41
211,148,"Johnson, Curtis and Daniel",True,2022-03-30,36
668,201,Hall and Sons,True,2021-06-18,37
322,683,"Humphrey, Diaz and Lowe",True,2022-12-25,5
448,684,"Hickman, Hays and Cline",True,2021-11-23,23
785,968,Allen Group,False,2021-08-29,6
444,25,Copeland-Chapman,True,2024-03-17,48
365,626,Dunn-Vazquez,False,2022-10-19,30
687,36,Mcdonald-Lyons,True,2023-05-02,36
464,358,Brooks-Rice,False,2022-08-02,10
907,569,Johnson PLC,True,2022-03-12,36
516,247,"Sawyer, Briggs and Green",True,2022-07-13,8
28,837,"Rivas, Gutierrez and King",False,2022-06-08,15
392,960,Walker and Sons,False,2021-07-19,21
54,692,"Williams, Harrison and Mills",True,2024-08-26,42
35,145,"Thompson, Medina and Pearson",True,2023-12-06,28
885,1000,Miller-Perez,True,2021-09-06,9
110,673,"Kim, Coffey and Schneider",False,2021-11-20,38
429,69,"Sims, Pierce and Lopez",True,2023-01-27,10
605,158,"Lane, Shelton and Richardson",True,2022-06-18,26
481,288,Young-Yang,True,2023-11-04,15
606,681,"Decker, Reed and Lee",True,2022-07-31,20
500,71,Shaw and Sons,True,2021-03-17,37
998,9,"Vincent, Collier and Kennedy",False,2024-02-07,13
991,531,Robertson LLC,True,2023-10-08,10
96,958,"Jones, Gonzalez and Reed",False,2023-02-12,20
828,298,Hayes and Sons,True,2022-05-15,33
512,344,Mata-Welch,True,2021-04-10,7
217,462,Johnson Inc,True,2023-09-30,24
562,628,Mahoney-Jones,True,2021-03-07,40
944,474,"Shah, Mccoy and Jackson",False,2021-01-03,23
445,572,"Levine, Dixon and Moore",True,2021-10-25,30
638,842,Brown-Jackson,True,2023-04-13,7
44,994,Hunter-Sanders,False,2022-09-07,23
670,400,Lambert-Bates,False,2022-08-20,24
741,717,Lopez LLC,False,2023-04-23,36
655,480,"Adams, Howard and Jones",False,2023-05-22,11
663,941,George-Perry,False,2024-05-18,45
657,81,Le-Graves,False,2024-04-10,37
330,709,Mann-Rojas,False,2024-04-17,44
16,844,Sanchez-Hopkins,False,2024-05-17,43
989,593,Hunter Group,True,2024-07-08,22
829,952,Baker and Sons,True,2023-05-19,44
541,310,Washington-Gray,False,2023-11-28,5
540,450,Strickland-Hunter,True,2021-10-18,15
21,686,Hancock-Bender,True,2022-06-11,32
830,566,Lindsey-Smith,False,2021-03-17,29
778,887,"Walker, Gonzalez and Lee",True,2022-08-16,27
138,950,Daniels and Sons,True,2021-08-23,35
948,331,Powell and Sons,True,2022-06-05,34
185,349,Rosario and Sons,False,2023-01-08,46
581,801,Hines and Sons,False,2022-12-18,39
616,684,"Dean, Diaz and Mcmahon",True,2021-01-27,11
653,119,Grant-Anderson,True,2022-10-12,20
321,400,Andrews-Nichols,False,2021-02-12,30
941,356,"Robinson, Marks and Walters",True,2022-08-15,6
237,803,Santos Group,False,2023-08-03,5
492,684,Howard and Sons,True,2021-07-03,16
839,665,Stevens-Johnston,True,2024-08-31,9
77,549,"Mills, Young and Martinez",True,2023-07-10,41
403,942,Noble Ltd,False,2021-11-14,36
773,180,Lee-Jimenez,True,2021-05-22,13
788,982,Livingston PLC,False,2021-02-02,45
797,352,Schultz-Thompson,False,2024-08-30,39
358,970,Contreras-Nelson,False,2023-09-13,23
27,261,"Kim, Barry and Lee",True,2023-06-28,20
823,566,Johnson-Johnston,True,2024-08-16,7
303,792,Watts Inc,False,2024-08-01,24
86,640,Briggs-Mckee,False,2022-05-13,28
767,641,"Harmon, Rice and Hinton",False,2023-02-07,37
376,623,Erickson-Johnson,False,2022-01-25,28
418,216,"Peterson, Frye and Moreno",True,2024-03-10,15
133,744,"Wood, Mclaughlin and Lee",False,2021-01-11,12
717,923,Watson-Clark,True,2024-03-01,40
476,295,Edwards PLC,True,2022-07-29,42
103,848,"Huffman, Aguilar and Warren",True,2021-01-08,44
141,406,Booker-Reese,False,2024-05-21,24
109,899,Finley Group,True,2023-11-25,39
521,64,"Griffith, Cox and Ball",True,2024-07-06,29
154,788,Bates PLC,True,2024-10-12,39
593,594,Bowers-Gonzales,True,2022-06-17,29
43,653,Castillo Group,True,2024-09-04,33
33,851,Valenzuela LLC,False,2021-01-21,22
431,566,"Conrad, Day and Evans",False,2023-11-22,50
367,745,"Fleming, Bean and Miller",True,2021-08-22,22
545,952,Fields Inc,False,2023-05-30,6
341,711,Bradshaw-Burke,False,2023-08-04,39
994,745,"Villarreal, Fritz and Cochran",True,2022-02-08,20
790,892,Garcia and Sons,False,2024-02-15,45
766,94,Hobbs-Lopez,True,2023-10-29,40
920,823,Meyer and Sons,True,2022-03-04,37
588,975,Mitchell PLC,True,2021-10-26,8
483,655,Mason-Foster,False,2023-12-26,37
781,949,"Thompson, Hanson and Rice",False,2022-02-15,18
742,985,Nguyen Ltd,False,2024-11-12,25
637,106,"Miller, Cummings and Petty",False,2021-08-26,24
909,304,Herrera-Oconnor,True,2024-11-08,12
0,885,"Tran, Lewis and Martin",False,2023-07-21,11
1000,18,Brown Inc,True,2021-04-07,7
908,400,Smith PLC,False,2021-11-21,21
498,507,"Robinson, Coleman and Soto",True,2022-12-18,37
270,142,Clark-Vazquez,True,2021-12-27,16
607,443,"Kidd, Diaz and Carlson",False,2024-04-29,26
883,291,Clark Inc,False,2023-11-19,26
450,188,Benton and Sons,False,2024-08-16,50
986,293,"Reyes, Wheeler and Hurley",True,2021-10-17,34
66,787,"Reilly, Mendez and Harris",False,2022-06-30,42
840,429,Martin PLC,False,2022-07-08,42
703,323,Edwards-Nelson,True,2024-01-31,49
624,23,Armstrong-Salazar,True,2024-06-10,12
411,609,"Baird, Coleman and Rivera",True,2022-08-18,31
874,689,Carter PLC,False,2023-05-06,31
126,769,"Mcdonald, Coleman and Thomas",True,2022-10-20,38
291,482,Schaefer-Mendez,True,2022-10-20,25
131,198,Butler-Sanchez,False,2021-07-06,34
278,577,"Rodriguez, Allen and Harris",True,2024-05-14,37
523,931,Bates-Miller,True,2022-07-25,32
336,76,"Clark, Johnson and Delacruz",False,2023-04-30,37
420,421,Lowe-Logan,True,2024-06-05,9
231,184,Rios-Williams,True,2024-02-04,23
353,611,Johnson Inc,True,2021-10-17,8
937,557,"Beasley, Jones and Mcgee",False,2022-01-15,39
898,677,Warren-Payne,False,2021-03-01,21
876,583,"Mays, Everett and Howard",False,2023-07-09,48
1,661,"Morgan, Preston and Lopez",True,2024-02-13,32
795,537,"Wheeler, Fleming and Anderson",True,2022-06-03,34
349,691,"Silva, Hammond and Horton",False,2022-08-06,33
612,816,Hunt-Hall,False,2024-12-08,50
2,558,"Roberts, Phelps and Ford",True,2024-05-25,10
451,996,"Lara, Avery and Morrow",False,2022-12-25,39
684,592,Rogers Ltd,True,2021-11-03,45
683,809,Johnston Ltd,False,2023-04-17,41
536,742,Ryan-Garcia,True,2022-06-28,28
584,402,Powell Group,True,2022-05-23,33
26,111,Ramos-Woods,True,2021-05-01,50
982,247,Hicks LLC,True,2021-04-17,35
977,155,Pope-Montgomery,True,2024-09-14,39
974,355,Hammond-Baker,True,2023-11-22,37
718,235,Johnson Inc,True,2024-01-16,25
746,104,Patterson LLC,False,2021-12-09,36
30,205,Walsh-Villanueva,False,2023-12-09,27
949,488,"Fox, Burns and Moran",False,2022-08-17,37
528,235,"Koch, Lee and Jones",True,2021-03-28,7
339,572,Joseph LLC,False,2022-07-31,22
535,75,Dyer-Silva,True,2024-05-31,29
118,844,"Heath, Cooper and Rodriguez",True,2023-06-13,46
666,402,Noble-Green,False,2021-08-14,35
288,391,Walker Ltd,True,2023-08-07,7
723,263,Lara-Barrett,False,2024-01-15,44
140,730,Moore Ltd,False,2021-08-06,50
175,650,Wallace LLC,False,2023-01-19,28
155,611,"Sampson, Brooks and Bradford",False,2021-03-25,36
812,795,"Buchanan, Daniels and Nielsen",True,2022-05-03,26
116,16,"Simmons, Matthews and Booth",False,2023-10-16,27
173,50,Mckenzie Inc,False,2021-07-24,6
313,89,Garcia-Keith,True,2022-06-14,31
534,312,Campos-White,True,2021-09-03,46
281,954,Velazquez LLC,False,2021-05-24,6
63,621,Serrano-Wright,True,2023-11-28,30
810,176,Weber-Armstrong,False,2021-12-18,21
515,338,Erickson-Mclean,False,2022-04-15,44
759,532,Brown Ltd,True,2022-08-29,37
64,117,Barnes-Meza,True,2024-03-16,13
23,270,"Alexander, Garcia and Madden",False,2024-01-03,47
704,729,"Reed, Calderon and Bishop",False,2023-10-09,43
202,738,Ramirez Group,False,2023-09-30,33
370,465,"Graham, Sanchez and Cunningham",False,2022-05-28,46
633,417,Cherry PLC,True,2023-11-18,30
942,225,Carroll PLC,True,2021-06-19,39
758,634,Lopez PLC,True,2021-07-25,29
639,668,Cruz Group,False,2021-07-04,28
510,924,Smith PLC,True,2023-05-14,17
145,912,Myers PLC,False,2022-10-20,11
488,376,"Mosley, Sullivan and Rodriguez",True,2022-11-27,40
978,520,"Stanley, Jones and Griffin",True,2024-04-23,49
780,788,Gross LLC,True,2021-06-27,24
350,539,Miller-King,False,2022-07-14,5
323,959,Adams LLC,True,2024-01-15,12
918,994,"Scott, Wright and Casey",False,2023-08-19,50
94,15,"Graham, King and Wright",True,2022-09-28,20
677,89,Schaefer-Lopez,False,2024-10-13,18
808,406,Sampson-Roman,True,2022-08-19,16
649,369,Martin-Medina,True,2024-02-10,27
17,531,Reyes Inc,True,2021-01-25,19
455,424,Lee-Nash,True,2022-11-28,32
980,612,Thompson-Thompson,True,2022-01-14,38
242,668,"Sanchez, Gonzalez and Johnson",False,2022-02-05,6
162,323,Lewis-Robertson,True,2022-01-29,36
922,986,Newton-Booth,True,2022-07-23,27
911,929,"Mckinney, Gardner and Sullivan",True,2022-08-23,26
992,321,Myers-Medina,False,2022-02-03,29
919,524,"Taylor, Johnson and Clay",True,2022-06-11,26
745,796,"Pearson, Carlson and Lara",True,2021-01-01,26
314,418,"Wade, Anderson and Patel",False,2023-12-27,46
458,71,Knox-Washington,False,2022-05-10,10
380,804,Hammond Group,True,2023-04-22,19
241,905,"Morton, Evans and Johnson",False,2023-08-03,47
15,679,"Valencia, Chen and Holden",False,2024-09-05,41
603,168,Austin Group,True,2021-02-13,37
532,557,"Garcia, Hayes and Williams",True,2021-12-01,12
425,510,Mccann Inc,True,2022-04-28,48
669,571,Church-Williams,True,2024-06-06,48
426,511,Hawkins and Sons,True,2023-10-17,9
915,686,"Hull, Watson and Williams",False,2022-02-22,43
644,689,"Torres, Lawrence and Smith",True,2024-02-14,8
597,941,Medina and Sons,True,2024-11-07,10
900,737,Duncan Inc,True,2022-08-17,49
300,295,"Barton, Rose and Morgan",False,2022-05-25,36
869,783,Carter-Davis,True,2022-03-01,34
951,837,Benjamin-Mcbride,True,2024-04-05,39
700,119,"Nelson, Mccarthy and Jones",True,2022-11-01,44
69,734,"Contreras, Gray and Jones",False,2023-09-10,20
335,416,Walter Group,True,2023-02-15,17
50,306,"Gordon, Padilla and Hamilton",True,2024-05-21,46
960,907,Burton LLC,True,2023-05-03,34
190,612,"Chambers, Thompson and Collins",True,2022-12-06,23
142,955,"Davis, Gonzalez and Wall",False,2024-10-14,21
622,293,"Lang, Green and Luna",True,2024-04-13,23
868,125,Martin Inc,False,2022-08-20,32
520,834,Martinez-Davenport,False,2023-06-13,30
870,820,"Flores, Bautista and Freeman",True,2023-02-08,41
873,295,Henson PLC,True,2022-09-28,30
299,357,"Sloan, Garcia and Cantu",True,2024-07-22,27
543,35,Wallace Ltd,False,2024-02-01,13
395,965,"Pugh, Morgan and Patel",False,2021-12-10,16
935,51,Osborne-Tran,True,2021-09-13,5
671,2,"Mason, Mendoza and Romero",False,2023-10-07,5
419,471,"Arias, Adams and Whitney",False,2024-10-22,38
930,395,"Yang, Murray and Sanford",False,2022-07-23,36
973,796,Guerrero-Simon,False,2021-02-15,29
610,594,"Underwood, Murphy and Joseph",False,2023-07-20,44
602,40,"Scott, Calderon and Klein",False,2024-10-06,49
186,939,Garcia-Good,True,2023-12-06,5
659,688,"Glenn, Payne and Woodward",True,2024-09-06,20
114,305,"Johnson, Mccoy and Lewis",False,2024-06-18,43
301,327,"Collins, Knapp and Carlson",False,2022-06-14,9
661,752,Powell and Sons,False,2024-11-09,26
475,974,Mckinney-Freeman,True,2024-06-25,33
689,254,Cabrera-Walter,False,2022-06-22,7
459,350,Butler-Branch,True,2022-09-15,16
78,52,"Rowe, Mills and Hughes",False,2022-05-17,30
254,191,Chavez Inc,False,2021-11-04,20
407,857,Stone-Kelly,False,2021-04-03,41
770,216,Brandt PLC,True,2023-02-28,26
895,867,"Powell, Mcneil and Knox",True,2022-10-11,33
993,757,White Group,True,2024-10-19,18
11,796,Perry-West,True,2024-05-26,32
574,572,Scott-Hahn,False,2024-03-15,9
265,822,"Bowman, Lane and Brown",True,2024-01-13,34
465,495,"Vazquez, Wiggins and Williams",False,2021-10-05,50
317,274,Johnson Ltd,True,2023-03-21,9
894,294,"Pineda, Smith and Anderson",True,2023-07-23,16
93,691,"Harmon, Sanchez and Spence",True,2021-09-11,20
769,486,"Berg, Callahan and Kirk",False,2021-03-05,30
563,904,"Hall, Clark and Figueroa",True,2021-12-17,30
478,752,"Anthony, Gonzalez and Briggs",False,2023-09-13,25
798,878,"Johnson, Chavez and Atkins",False,2022-05-20,43
287,943,Jones PLC,True,2024-01-14,40
831,149,Miller Group,False,2022-01-03,37
824,333,Edwards Group,False,2024-11-17,34
267,314,"Cooper, Washington and Burton",False,2024-11-01,41
368,951,Walker Group,False,2022-01-05,27
656,694,Blair Inc,True,2021-06-04,14
443,564,"Dalton, Curtis and Knight",True,2023-04-30,9
355,864,"Copeland, Atkinson and Cordova",True,2024-11-13,40
774,168,Cobb-Arnold,False,2023-01-08,38
307,254,Frank-Nichols,True,2023-11-16,35
484,635,"Smith, Clark and Cunningham",True,2023-04-30,14
618,405,"Cortez, Barker and Cook",True,2024-06-01,23
340,376,Martinez-Morales,False,2022-04-04,36
178,115,Owens Group,True,2023-04-21,5
147,439,"Perkins, Castro and Warner",True,2022-03-26,9
904,143,"Rodriguez, Mitchell and Scott",False,2023-01-07,49
364,315,"Payne, Smith and Martin",False,2021-02-27,8
999,671,Moore and Sons,True,2023-05-05,20
165,157,Branch-Chase,True,2022-08-09,28
609,899,"Watkins, Hicks and Valdez",False,2024-12-26,20
24,220,Grant-Morris,False,2021-08-14,6
695,510,"Huang, Ross and Byrd",False,2024-07-03,32
760,968,Mason LLC,False,2024-09-01,36
527,617,Conway LLC,False,2023-02-11,31
614,862,Miller-Camacho,True,2022-02-11,24
983,125,Brown Group,False,2022-06-09,28
504,327,Morton LLC,True,2024-04-20,16
38,656,Horn-Miller,False,2021-03-25,39
239,750,"Todd, Mitchell and Brown",False,2024-01-28,37
621,22,Moore-Vaughn,False,2024-04-23,37
553,694,"Carter, Medina and Cooper",True,2024-11-03,47
427,723,"Esparza, Hale and Ellis",False,2021-04-14,41
246,771,"Bailey, Campbell and Bailey",True,2021-12-14,16
405,90,Anderson LLC,True,2023-10-05,7
88,692,"Campos, Garcia and Sharp",True,2021-07-20,5
107,910,"Perez, Murphy and Palmer",False,2021-01-17,37
250,692,"Sampson, Nelson and Scott",False,2023-05-01,44
721,860,Thompson-Alvarez,True,2023-01-17,14
956,390,Roman Group,True,2022-03-14,47
120,383,"Brown, Rogers and Anderson",False,2024-10-29,48
834,919,"Welch, Ruiz and Long",False,2024-04-25,33
891,57,Williams-Vargas,False,2021-06-07,17
804,437,Johnson Inc,True,2022-12-17,16
390,601,"Freeman, Reynolds and Burton",False,2022-10-25,35
106,994,"Lane, Smith and Vega",True,2023-02-24,50
262,899,"Hicks, Tucker and Lane",True,2023-02-26,6
727,487,"Daniels, Delacruz and Figueroa",False,2024-06-25,39
802,241,Hart-Carpenter,True,2022-05-21,27
768,22,Newman PLC,True,2024-04-26,21
592,925,"Thompson, Potter and Lawrence",True,2022-09-11,30
344,154,Cannon-Mcbride,True,2024-05-08,12
697,604,Cannon LLC,True,2022-09-05,33
680,976,"Mckay, Andrade and Snyder",False,2021-01-30,30
575,284,"Hart, Brown and Gonzalez",False,2023-02-25,14
470,430,Lowery and Sons,False,2022-07-25,30
619,241,Grant and Sons,True,2024-07-19,38
124,864,Porter Inc,False,2021-01-26,45
716,880,Hayes-Hamilton,True,2022-06-08,11
338,101,Snow-Johnson,True,2023-11-13,8
108,357,Vaughn Ltd,False,2024-02-08,49
230,500,Scott Group,False,2021-03-08,15
80,215,Lee Group,True,2021-01-13,33
712,803,Melendez-Harris,False,2021-12-28,40
397,874,"Vargas, Brown and Meza",False,2021-06-29,29
324,204,"Waters, Rollins and White",False,2022-10-11,25
503,189,Long Ltd,True,2021-05-28,40
253,660,"Fields, Wilkinson and Ortega",True,2024-02-07,14
318,749,Brown Group,True,2021-04-16,41
601,121,Jones Inc,False,2023-10-14,13
952,889,Franco Group,False,2021-05-11,28
748,395,Fitzpatrick and Sons,True,2023-04-21,39
201,460,Brown PLC,False,2022-02-03,39
631,460,Lawrence Ltd,True,2022-06-09,40
967,760,Harris-Lewis,False,2022-09-08,22
42,798,Fry-Welch,False,2023-05-31,43
966,582,"Owens, Zamora and Daniels",True,2021-11-14,36
809,771,"Todd, Wells and Hunt",False,2021-08-27,28
486,958,Hale Inc,False,2022-07-04,27
924,309,"Ramirez, Weaver and Smith",False,2024-06-24,36
487,617,"Martinez, Reynolds and Wallace",False,2024-01-06,41
675,495,Miller-Edwards,True,2023-05-06,16
964,284,Dixon Inc,False,2021-12-31,17
401,436,Miller PLC,True,2024-12-18,27
233,451,"Delgado, Guerrero and Stokes",True,2021-06-05,29
710,487,Rodriguez Inc,False,2021-10-21,39
71,302,Mcconnell-Tucker,False,2022-02-28,45
485,938,"Martin, Stokes and Greene",True,2021-05-19,34
846,123,"Hartman, Roberts and Hart",True,2024-11-20,21
275,597,Thompson-Jensen,False,2022-02-16,24
784,515,"Holmes, Ortiz and Gibson",False,2023-02-12,29
821,120,Page-Price,False,2023-12-05,26
928,641,Hernandez Group,True,2022-03-18,17
497,820,Charles-Dixon,False,2021-05-31,23
166,731,"Phillips, George and Walker",False,2022-04-12,40
604,930,Bradley PLC,True,2022-06-18,16
79,641,Haas-Hill,False,2023-03-28,45
719,669,"Parker, Alexander and Parsons",True,2022-07-16,23
690,759,Mora and Sons,True,2024-10-11,16
550,174,Davis-Burns,True,2022-03-21,13
482,858,Robinson-Harrison,False,2022-12-14,11
691,675,West Group,False,2024-07-09,32
955,80,Perez-Matthews,True,2023-11-04,18
25,669,Hoffman and Sons,False,2022-10-29,35
89,203,Richardson and Sons,False,2021-01-01,23
651,78,Collins PLC,False,2022-06-09,20
74,792,Hester Ltd,False,2022-09-28,9
658,954,Mclaughlin-Waller,False,2023-05-23,39
667,848,Bennett PLC,False,2022-10-12,16
157,772,Adams Group,False,2022-12-05,29
286,579,Weaver-Lambert,False,2024-08-03,25
428,234,Livingston and Sons,False,2022-10-06,40
825,707,"Medina, Sims and Dawson",False,2024-02-27,27
552,156,Gross and Sons,False,2024-07-13,20
645,725,"Burns, Jones and Kaiser",False,2023-12-01,43
672,524,"Howard, Burton and Cooke",False,2022-03-04,49
112,617,Smith-Watts,False,2024-02-25,46
357,206,"Johnson, Thompson and Chung",False,2021-07-21,43
319,761,Hartman-Campbell,False,2022-09-09,18
408,709,"Rhodes, Robinson and Clark",True,2023-06-29,35
115,344,Barker-Wilson,True,2022-03-22,9
905,758,"Gross, Hill and Harris",False,2021-03-30,39
13,777,Lang-Frank,True,2022-11-25,27
113,635,"Sims, Hanna and Mitchell",False,2021-04-12,33
276,495,Miller-Wright,False,2021-09-16,47
884,135,Dyer-Ford,True,2024-12-09,15
997,971,Mullen LLC,False,2024-05-17,22
312,840,Rios Ltd,False,2021-03-11,16
496,106,"Welch, Carrillo and Guzman",True,2021-05-24,13
229,274,Cortez-Peters,True,2023-01-03,14
713,610,Delgado-Walker,True,2022-08-11,48
215,57,"Rodriguez, Webb and Cortez",False,2023-08-17,21
739,843,"Christensen, Davis and Hardy",False,2021-02-14,42
305,350,Smith-Brown,True,2021-10-29,11
705,414,"Lucas, West and Bradford",True,2024-05-25,50
842,181,"Anderson, Howell and Phillips",True,2023-05-21,17
259,669,Davis Inc,False,2024-09-17,44
34,458,"Snyder, Ray and Rosales",False,2024-07-15,46
596,122,Smith-Giles,True,2024-05-20,13
565,489,"Brown, Calderon and Jackson",False,2024-06-13,31
244,851,Campbell-Baker,False,2023-12-18,6
352,637,Sanders Group,False,2022-09-01,9
957,116,"Ware, Lopez and Silva",False,2021-01-20,33
533,835,"Moreno, Perkins and Johnson",True,2021-10-23,41
502,907,Flores-Davis,False,2024-01-28,42
95,341,Clarke-York,False,2023-10-25,23
646,796,"Burns, Wilson and Knight",True,2021-02-18,12
236,861,Peters LLC,True,2024-12-01,49
177,77,Patton and Sons,False,2022-12-31,5
865,543,Roberts-Fisher,False,2024-11-28,26
692,769,"Miller, Ward and Cook",True,2021-09-12,21
240,602,Waller-Miller,True,2022-01-20,11
814,792,Craig Group,True,2021-01-13,29
688,425,Harvey and Sons,True,2023-04-28,49
191,210,Huynh Ltd,True,2024-06-10,8
764,146,Lawson LLC,True,2023-08-10,40
914,737,"Hines, Brown and Watson",True,2022-11-23,10
793,729,Baker Group,False,2023-05-05,35
817,43,"Barnett, Johnson and Hayes",False,2024-11-25,23
121,348,"Jones, Gomez and Long",False,2023-09-26,48
351,619,Simmons-Walters,False,2022-09-23,43
5,868,"Johnson, Rodriguez and Koch",True,2023-09-10,31
104,451,"Copeland, Hatfield and Hansen",True,2024-09-23,14
441,754,Miller-Callahan,False,2021-11-18,30
31,329,Griffith-Martinez,False,2024-11-04,23
555,141,Baldwin-Richard,False,2022-04-29,43
463,632,"Morris, Williams and Thomas",False,2023-05-11,7
424,293,"James, Young and Morris",True,2023-10-26,49
886,8,"Doyle, Mcgee and Nguyen",False,2023-04-27,17
409,962,"Rhodes, Francis and Fuller",True,2023-04-06,32
468,633,"Garcia, Webb and Burke",True,2022-01-02,24
652,790,Green-Tucker,True,2022-03-14,32
981,246,Lane-Dunn,False,2021-06-25,12
168,226,Herrera-Sanchez,True,2024-02-17,45
634,673,Vazquez Ltd,True,2023-06-21,43
806,237,Jackson LLC,True,2024-09-23,5
587,275,Paul-Gordon,False,2021-04-11,7
385,483,Brown PLC,True,2021-09-07,17
950,844,"Fuller, Allen and Powell",False,2024-08-03,32
674,247,Huff Ltd,True,2022-02-16,29
517,229,"Martinez, Estrada and Hill",True,2021-10-21,37
245,634,Phillips Ltd,False,2023-05-23,42
375,252,"Elliott, Mcconnell and Freeman",False,2022-01-19,10
373,449,"Lee, Chapman and Chang",False,2022-04-28,48
879,291,Porter Ltd,False,2024-03-11,49
266,796,Stone and Sons,True,2022-08-15,36
917,263,Smith LLC,True,2023-10-08,49
62,969,"Cook, Rodriguez and Garcia",True,2021-06-10,25
902,455,Curtis-Caldwell,False,2021-08-04,20
343,672,Wu-Black,True,2023-02-08,25
792,984,"Anthony, Roth and Brooks",False,2022-05-01,15
226,246,Valdez-Griffith,False,2024-08-28,41
518,547,Carter-Jensen,False,2022-10-29,40
181,212,"Cox, Torres and Freeman",False,2023-08-27,39
731,424,Fowler PLC,True,2022-04-26,23
910,607,"Jenkins, Thompson and Casey",False,2022-08-08,24
438,158,Patterson-Mendez,True,2022-02-05,22
578,25,Luna Inc,False,2022-08-21,45
65,668,Krueger and Sons,False,2021-09-28,18
947,986,Powell-Harris,True,2021-03-30,19
761,589,Bryant PLC,True,2021-10-14,35
988,889,"Johnson, Moore and Mckenzie",False,2021-02-16,5
598,619,"David, Hess and Johnson",False,2021-11-02,7
796,28,"Oconnor, Martinez and Simon",True,2024-12-24,20
348,407,Brown-Tanner,False,2021-07-30,27
794,523,Lowery-Bailey,True,2021-01-06,15
452,337,"Clayton, Martinez and Christensen",False,2023-11-03,16
643,271,Taylor Group,True,2023-01-25,14
227,645,"Dennis, Ward and Robinson",False,2022-07-12,36
213,423,"Kidd, Mitchell and Brady",False,2021-04-27,20
432,945,"Roman, Payne and Roberts",True,2021-01-21,12
216,869,Mcknight-Johnson,False,2022-06-17,42
852,46,"Sanchez, Phelps and House",False,2023-01-23,16
882,135,"Martinez, Silva and Hernandez",True,2021-02-13,28
84,459,Franklin Group,False,2023-12-08,32
144,147,Lopez-Lopez,False,2022-01-16,12
372,997,Clayton-Hill,False,2022-10-28,32
826,602,Blake LLC,False,2021-03-10,40
733,152,Espinoza-Arias,True,2022-11-09,30
640,922,"Bolton, Joseph and Thomas",True,2024-01-18,12
740,321,"Ortega, Strong and Moore",True,2022-12-06,32
180,288,Macdonald-Montgomery,True,2021-06-09,32
289,793,Moore and Sons,True,2023-05-26,41
146,391,Snyder LLC,False,2022-10-01,45
554,89,Mendez LLC,False,2022-02-19,40
755,774,Becker-Watson,False,2022-12-21,31
83,523,Martinez Group,True,2022-11-18,21
872,137,Baxter PLC,False,2023-11-13,13
402,734,"Johnson, Jackson and May",False,2024-12-21,37
152,175,"Brown, Fields and Scott",False,2022-09-18,24
315,93,"Hansen, Howell and Allen",False,2023-06-25,17
701,838,"Gonzalez, Glover and Orr",True,2024-12-21,32
41,899,"Nichols, Glass and Jones",False,2021-07-13,33
222,306,Lee Inc,False,2023-11-10,17
811,420,Williams Ltd,False,2023-01-14,50
899,454,Cohen Group,True,2021-04-05,39
751,241,White Ltd,True,2024-05-05,10
696,23,"Jones, Thomas and Gray",True,2024-12-14,22
413,322,Wolf-Gibson,False,2024-12-20,9
169,417,Cowan PLC,True,2022-12-26,29
279,290,"Johnson, Sosa and Rush",False,2021-06-11,6
772,869,"Blair, Figueroa and Waters",True,2024-03-27,14
256,479,Thompson-Kelly,False,2023-01-08,34
662,887,"Young, Freeman and Bell",False,2022-06-15,49
693,23,Barrera LLC,False,2024-05-13,9
153,312,White-Campbell,False,2022-10-13,37
195,66,"Harrison, Dillon and Cooley",False,2023-02-11,5
224,510,Mercado-Soto,False,2022-12-11,22
807,51,Underwood Group,False,2022-03-26,36
398,89,Nguyen-Ortiz,True,2023-05-05,15
514,559,Mcguire-Perez,False,2021-02-03,25
775,927,Ortega and Sons,True,2021-10-28,30
277,594,"Park, Davis and Zimmerman",False,2023-12-30,29
720,351,"Watson, Fields and Kelly",True,2023-06-10,26
931,318,"Sanders, Hardy and Bright",False,2024-11-09,31
570,214,"Herrera, Villa and Castillo",True,2022-01-27,17
892,447,"Church, Goodwin and Harris",False,2021-10-16,37
189,483,Figueroa LLC,False,2021-12-12,38
635,235,King-Washington,True,2022-05-20,45
388,418,"Lambert, Friedman and Jackson",False,2024-05-30,39
20,675,Herrera and Sons,False,2022-01-11,5
143,286,"Smith, Wiggins and Jones",False,2024-09-26,25
945,448,Saunders-Brooks,True,2024-04-26,10
461,785,Romero Group,False,2022-06-04,32
354,69,"Woods, Brown and Murray",False,2022-03-26,21
346,801,"Frazier, Weber and Kline",False,2021-09-13,9
985,491,"Morris, Smith and Diaz",True,2024-03-17,35
926,906,West and Sons,True,2024-11-22,9
436,406,Mckinney-Chavez,True,2022-04-30,42
91,404,Clark-Morgan,True,2022-05-26,7
953,24,Jackson-Fowler,True,2022-08-19,27
272,558,"Smith, Ryan and Herring",True,2022-05-19,41
889,725,"Ramirez, Cooper and Simpson",True,2023-01-09,41
417,482,"Brennan, Vasquez and Adkins",False,2021-11-03,14
400,113,Stevens PLC,False,2021-02-15,14
196,746,"Boyd, Rivera and Gonzalez",True,2024-03-27,23
877,339,"Hester, Shaw and Harvey",True,2024-06-03,21
170,869,"Mahoney, Rivera and Melton",False,2021-12-19,25
715,288,Le Ltd,True,2022-06-07,18
394,782,"Marshall, Bennett and Jimenez",False,2024-11-22,13
490,696,Medina-Phillips,False,2022-01-02,50
556,656,Lewis Ltd,False,2023-11-25,5
194,670,Campbell Group,True,2022-01-16,49
462,186,"Deleon, Smith and Walker",True,2023-12-28,17
308,404,West Ltd,True,2021-10-23,8
531,735,"Sanders, Fernandez and Hayes",True,2021-11-22,5
430,895,Moore PLC,False,2022-12-07,44
844,649,"Carpenter, Vasquez and Haynes",True,2021-04-09,36
752,309,Fisher-Warner,True,2023-07-07,38
360,858,"Proctor, Williams and Mills",False,2023-09-22,32
822,744,"Palmer, Bowen and Horn",False,2023-01-30,35
818,867,Davis-Curtis,False,2023-03-08,12
699,679,"Fischer, Nelson and Williams",False,2024-01-17,43
149,906,Stevens LLC,True,2023-02-23,30
970,692,Tucker-Parker,False,2021-01-24,38
442,260,West LLC,False,2021-06-21,7
356,484,"Hester, Davis and Christensen",True,2021-08-17,16
232,809,Olson-Mitchell,False,2024-07-05,5
171,856,Banks-Evans,False,2021-12-18,48
263,355,Richardson Ltd,True,2023-10-15,9
440,145,Taylor and Sons,True,2022-04-07,34
923,890,"Jackson, Barton and Mitchell",True,2023-03-09,34
251,793,Lawson-Cummings,False,2022-05-15,21
101,91,"Lozano, Williams and Morgan",False,2024-11-13,27
212,478,Cooper-Thompson,False,2024-05-17,19
446,85,"Powers, Weeks and Weeks",False,2021-11-19,41
235,152,"Young, Clark and Cooper",False,2021-08-16,25
